{
  "project_info": {
    "project_number": "943405745515",
    "project_id": "localizar3-8ec12",
    "storage_bucket": "localizar3-8ec12.appspot.com"
  },
  "client": [
    {
      "client_info": {
        "mobilesdk_app_id": "1:943405745515:android:155bc2b3421ec10336782e",
        "android_client_info": {
          "package_name": "com.mycompany.feelsafe5"
        }
      },
      "oauth_client": [],
      "api_key": [
        {
          "current_key": "AIzaSyD10YJA4cW9VDKIDMCIh3OVl0poly3IupQ"
        }
      ],
      "services": {
        "appinvite_service": {
          "other_platform_oauth_client": []
        }
      }
    },
    {
      "client_info": {
        "mobilesdk_app_id": "1:943405745515:android:8e048a98f7e0956536782e",
        "android_client_info": {
          "package_name": "com.mycompany.feelsafev6"
        }
      },
      "oauth_client": [],
      "api_key": [
        {
          "current_key": "AIzaSyD10YJA4cW9VDKIDMCIh3OVl0poly3IupQ"
        }
      ],
      "services": {
        "appinvite_service": {
          "other_platform_oauth_client": []
        }
      }
    }
  ],
  "configuration_version": "1"
}